dataset,block,n_blocks,seed,algorithm,iters,secs,rre,acc,nmi
orl,8,1,0,F-norm MU,300,4.52,0.27421,0.2861,0.4465
orl,8,1,0,L1-NMF,300,9.42,0.21021,0.5056,0.6945
orl,8,1,0,"L2,1-NMF",300,6.12,0.27392,0.3278,0.4721
orl,8,2,0,F-norm MU,300,2.84,0.36411,0.2528,0.4468
orl,8,2,0,L1-NMF,300,6.24,0.2274,0.5056,0.6888
orl,8,2,0,"L2,1-NMF",300,4.72,0.36204,0.3139,0.4966
orl,16,1,0,F-norm MU,300,1.93,0.50746,0.1861,0.345
orl,16,1,0,L1-NMF,300,5.18,0.48388,0.225,0.412
orl,16,1,0,"L2,1-NMF",300,9.64,0.50704,0.1944,0.357
orl,16,2,0,F-norm MU,300,2.77,0.64659,0.1917,0.3504
orl,16,2,0,L1-NMF,300,7.75,0.61885,0.2222,0.4144
orl,16,2,0,"L2,1-NMF",300,6.84,0.64638,0.1944,0.3669
