algorithm,iteration,cost
F-norm MU,5,268890.13302439556
F-norm MU,10,221035.29985865232
F-norm MU,15,178653.19853573097
F-norm MU,20,165504.80008853704
F-norm MU,25,148905.35241821024
F-norm MU,30,129619.62725938215
F-norm MU,35,112242.50931952671
F-norm MU,40,99245.56485399803
F-norm MU,45,90541.39005809405
F-norm MU,50,84518.15614948806
F-norm MU,55,80166.12179757853
F-norm MU,60,76867.39360410372
F-norm MU,65,74275.38711866416
F-norm MU,70,72200.28155749661
F-norm MU,75,70530.77401157687
F-norm MU,80,69173.99505411665
F-norm MU,85,68061.85474354106
F-norm MU,90,67132.78524404854
F-norm MU,95,66344.90415911814
F-norm MU,100,65666.62724349723
F-norm MU,105,65079.394923881824
F-norm MU,110,64562.8068899048
F-norm MU,115,64102.50323062694
F-norm MU,120,63687.86554432496
F-norm MU,125,63312.13806136864
F-norm MU,130,62969.40397956059
F-norm MU,135,62656.12910351688
F-norm MU,140,62370.87376540656
F-norm MU,145,62109.77946955894
F-norm MU,150,61868.96186296854
F-norm MU,155,61646.808898655305
F-norm MU,160,61443.79381502658
F-norm MU,165,61259.15414433427
F-norm MU,170,61090.930187348466
F-norm MU,175,60936.355475351105
F-norm MU,180,60792.95902341909
F-norm MU,185,60660.055360112114
F-norm MU,190,60536.94335268987
F-norm MU,195,60422.0074899588
F-norm MU,200,60315.036687533466
F-norm MU,205,60216.40281008242
F-norm MU,210,60124.14330117546
F-norm MU,215,60037.56496035163
F-norm MU,220,59957.25162766206
F-norm MU,225,59881.4749703901
F-norm MU,230,59809.37378349647
F-norm MU,235,59741.37607535558
F-norm MU,240,59677.923065097784
F-norm MU,245,59618.583469497295
F-norm MU,250,59562.901627639076
L1-NMF,5,763559.3236810995
L1-NMF,10,739629.1773092025
L1-NMF,15,735349.0507553536
L1-NMF,20,732343.088707063
L1-NMF,25,726287.97515259
L1-NMF,30,711129.9269511251
L1-NMF,35,675207.650094564
L1-NMF,40,621849.8887271412
L1-NMF,45,574659.4191130116
L1-NMF,50,542809.0545640893
L1-NMF,55,522707.2266119762
L1-NMF,60,509710.3410272365
L1-NMF,65,500846.5504335943
L1-NMF,70,494353.06159354775
L1-NMF,75,489212.39576892724
L1-NMF,80,484847.8218746987
L1-NMF,85,480871.8417644108
L1-NMF,90,477031.9399324026
L1-NMF,95,473169.0523270798
L1-NMF,100,469212.58634494257
L1-NMF,105,465161.28212807246
L1-NMF,110,461042.74045193003
L1-NMF,115,456926.471643049
L1-NMF,120,452885.56133340544
L1-NMF,125,449021.0455635768
L1-NMF,130,445400.52876452723
L1-NMF,135,442069.9973560881
L1-NMF,140,439032.3648850558
L1-NMF,145,436276.64280901477
L1-NMF,150,433774.1563569051
L1-NMF,155,431502.28365970426
L1-NMF,160,429422.32836019504
L1-NMF,165,427496.70427137706
L1-NMF,170,425699.0808885556
L1-NMF,175,424001.4135532076
L1-NMF,180,422386.07014032075
L1-NMF,185,420836.4235583187
L1-NMF,190,419341.06064759253
L1-NMF,195,417887.6130144968
L1-NMF,200,416470.72959540633
L1-NMF,205,415080.6238526748
L1-NMF,210,413712.61765277875
L1-NMF,215,412364.8274922661
L1-NMF,220,411037.62211596966
L1-NMF,225,409731.2199010364
L1-NMF,230,408444.426237894
L1-NMF,235,407176.064861497
L1-NMF,240,405924.1414069616
L1-NMF,245,404691.64507739875
L1-NMF,250,403478.28217301535
Hypersurface,5,594053.3682977922
Hypersurface,10,588396.5688943058
Hypersurface,15,556078.3256922341
Hypersurface,20,452312.32437303755
Hypersurface,25,396564.83137933357
Hypersurface,30,377130.74281947437
Hypersurface,35,366578.33071340166
Hypersurface,40,357448.20988953754
Hypersurface,45,347791.62179771723
Hypersurface,50,338068.7657782195
Hypersurface,55,329682.5166140152
Hypersurface,60,323212.9449638367
Hypersurface,65,318260.6142465118
Hypersurface,70,314205.48491095024
Hypersurface,75,310594.9398738612
Hypersurface,80,307181.26328212424
Hypersurface,85,303861.31189401343
Hypersurface,90,300611.0636727502
Hypersurface,95,297440.6877642798
Hypersurface,100,294365.7962194139
Hypersurface,105,291399.55875401717
Hypersurface,110,288548.22309099254
Hypersurface,115,285813.6955033221
Hypersurface,120,283194.6696902765
Hypersurface,125,280687.74222537334
Hypersurface,130,278288.92084638047
Hypersurface,135,275995.04681110755
Hypersurface,140,273802.43431151897
Hypersurface,145,271707.0898231223
Hypersurface,150,269706.205751721
Hypersurface,155,267796.87092199555
Hypersurface,160,265972.7761641803
Hypersurface,165,264226.44762832264
Hypersurface,170,262549.61543598014
Hypersurface,175,260933.4666144232
Hypersurface,180,259368.94174589435
Hypersurface,185,257846.52332206065
Hypersurface,190,256355.40152836926
Hypersurface,195,254882.00521472708
Hypersurface,200,253418.04558123974
Hypersurface,205,251964.17727891353
Hypersurface,210,250528.9529067562
Hypersurface,215,249140.6698453058
Hypersurface,220,247811.6251048008
Hypersurface,225,246537.80701089968
Hypersurface,230,245315.8563295444
Hypersurface,235,244139.5108962141
Hypersurface,240,243002.8880568192
Hypersurface,245,241898.92524537822
Hypersurface,250,240826.91421993077
"L2,1-NMF",5,23665.70172350536
"L2,1-NMF",10,22484.551261069984
"L2,1-NMF",15,19675.957880083457
"L2,1-NMF",20,18842.18227700831
"L2,1-NMF",25,17987.83264670628
"L2,1-NMF",30,16879.25018542698
"L2,1-NMF",35,15789.462926737759
"L2,1-NMF",40,14882.847216661157
"L2,1-NMF",45,14171.660004742102
"L2,1-NMF",50,13635.28460451703
"L2,1-NMF",55,13238.453973152973
"L2,1-NMF",60,12937.474692166556
"L2,1-NMF",65,12701.591810986145
"L2,1-NMF",70,12510.624093384331
"L2,1-NMF",75,12352.35238026947
"L2,1-NMF",80,12219.832617879492
"L2,1-NMF",85,12107.671058638227
"L2,1-NMF",90,12012.028663143243
"L2,1-NMF",95,11930.235682579778
"L2,1-NMF",100,11859.6392641868
"L2,1-NMF",105,11798.60037896427
"L2,1-NMF",110,11745.446138620096
"L2,1-NMF",115,11698.801714554274
"L2,1-NMF",120,11657.680073039508
"L2,1-NMF",125,11621.074690144971
"L2,1-NMF",130,11588.239295857391
"L2,1-NMF",135,11558.65485659818
"L2,1-NMF",140,11531.943701843435
"L2,1-NMF",145,11507.595271724254
"L2,1-NMF",150,11485.264820767985
"L2,1-NMF",155,11464.724948105544
"L2,1-NMF",160,11445.826295754185
"L2,1-NMF",165,11428.40913239972
"L2,1-NMF",170,11412.315773202017
"L2,1-NMF",175,11397.36110799467
"L2,1-NMF",180,11383.40487096095
"L2,1-NMF",185,11370.466483015234
"L2,1-NMF",190,11358.564070140677
"L2,1-NMF",195,11347.524678883194
"L2,1-NMF",200,11337.214913619984
"L2,1-NMF",205,11327.564491287329
"L2,1-NMF",210,11318.467948861224
"L2,1-NMF",215,11309.88511563942
"L2,1-NMF",220,11301.795690616767
"L2,1-NMF",225,11294.122879445877
"L2,1-NMF",230,11286.861276885824
"L2,1-NMF",235,11279.953671803327
"L2,1-NMF",240,11273.382055321268
"L2,1-NMF",245,11267.16789181907
"L2,1-NMF",250,11261.219452137317
L1-Reg Robust,5,19417.740812882
L1-Reg Robust,10,17514.849462961432
L1-Reg Robust,15,16171.267521033064
L1-Reg Robust,20,15472.302304293895
L1-Reg Robust,25,15168.58289988989
L1-Reg Robust,30,15024.97396042568
L1-Reg Robust,35,14948.786128060854
L1-Reg Robust,40,14900.740216506721
L1-Reg Robust,45,14864.636252833254
L1-Reg Robust,50,14831.51029684214
L1-Reg Robust,55,14794.970916898743
L1-Reg Robust,60,14748.786268789112
L1-Reg Robust,65,14685.405801619088
L1-Reg Robust,70,14594.695541197741
L1-Reg Robust,75,14462.932516092915
L1-Reg Robust,80,14272.93493712613
L1-Reg Robust,85,14007.363950871897
L1-Reg Robust,90,13656.6737107291
L1-Reg Robust,95,13228.037221708995
L1-Reg Robust,100,12746.715972245314
L1-Reg Robust,105,12248.386815617998
L1-Reg Robust,110,11768.74786183323
L1-Reg Robust,115,11334.869466963364
L1-Reg Robust,120,10961.10773095016
L1-Reg Robust,125,10651.44586983755
L1-Reg Robust,130,10401.201953822118
L1-Reg Robust,135,10200.727636430984
L1-Reg Robust,140,10039.120563422512
L1-Reg Robust,145,9906.880591297539
L1-Reg Robust,150,9796.510779061544
L1-Reg Robust,155,9702.1854649748
L1-Reg Robust,160,9619.259172083423
L1-Reg Robust,165,9544.21347271178
L1-Reg Robust,170,9474.138633300203
L1-Reg Robust,175,9407.443258656993
L1-Reg Robust,180,9342.769625279161
L1-Reg Robust,185,9279.214843638492
L1-Reg Robust,190,9216.074035053593
L1-Reg Robust,195,9152.94132401969
L1-Reg Robust,200,9089.761101179038
L1-Reg Robust,205,9026.78478817152
L1-Reg Robust,210,8964.329641865646
L1-Reg Robust,215,8902.79796152355
L1-Reg Robust,220,8842.681852793785
L1-Reg Robust,225,8784.459389320156
L1-Reg Robust,230,8728.534562288738
L1-Reg Robust,235,8675.228845416119
L1-Reg Robust,240,8624.712217415263
L1-Reg Robust,245,8577.041275735042
L1-Reg Robust,250,8532.177303638784
